,Epoch,Error
0,0,237.41324013077252
1,5000,332.2487220428226
2,10000,345.79175995926596
3,15000,226.93557718885967
4,20000,368.5120753944052
5,25000,280.0360809875609
6,30000,257.2964876632293
7,35000,329.49843139831535
8,40000,225.22751084700246
